experience,test_score(out of 10),interview_score(out of 10),PredictedSalaries
2,9,6,53205.96797671033
12,10,10,92002.18340611356
0,10,10,58246.72489082968
3,5,10,57457.0596797671
6,10,5,64098.25327510917
0,5,5,37991.994177583685
5,10,10,72311.49927219795
15,0,0,59931.58660844252
